<?xml version="1.0" encoding="UTF-8"?>
<project-private xmlns="http://www.netbeans.org/ns/project-private/1">
    <editor-bookmarks xmlns="http://www.netbeans.org/ns/editor-bookmarks/2" lastBookmarkId="0"/>
    <open-files xmlns="http://www.netbeans.org/ns/projectui-open-files/2">
        <group>
            <file>file:/C:/Users/ING.DARWIN%20GARCIA/Documents/NetBeansProjects/Analizador/Analizador_Sintactico/src/analizador/Main.java</file>
            <file>file:/C:/Users/ING.DARWIN%20GARCIA/Documents/NetBeansProjects/Analizador/Analizador_Sintactico/src/analizador/analizador_Form.java</file>
        </group>
    </open-files>
</project-private>
